"vtkValidPointMask","arc_length","Points:0","Points:1","Points:2"
1,0,0.0015,0,5e-06
1,3e-06,0.0015,3e-06,5e-06
1,6e-06,0.0015,6e-06,5e-06
1,9e-06,0.0015,9e-06,5e-06
1,1.2e-05,0.0015,1.2e-05,5e-06
1,1.5e-05,0.0015,1.5e-05,5e-06
1,1.8e-05,0.0015,1.8e-05,5e-06
1,2.1e-05,0.0015,2.1e-05,5e-06
1,2.4e-05,0.0015,2.4e-05,5e-06
1,2.7e-05,0.0015,2.7e-05,5e-06
1,3e-05,0.0015,3e-05,5e-06
1,3.3e-05,0.0015,3.3e-05,5e-06
1,3.6e-05,0.0015,3.6e-05,5e-06
1,3.9e-05,0.0015,3.9e-05,5e-06
1,4.2e-05,0.0015,4.2e-05,5e-06
1,4.5e-05,0.0015,4.5e-05,5e-06
1,4.8e-05,0.0015,4.8e-05,5e-06
1,5.1e-05,0.0015,5.1e-05,5e-06
1,5.4e-05,0.0015,5.4e-05,5e-06
1,5.7e-05,0.0015,5.7e-05,5e-06
1,6e-05,0.0015,6e-05,5e-06
1,6.3e-05,0.0015,6.3e-05,5e-06
1,6.6e-05,0.0015,6.6e-05,5e-06
1,6.9e-05,0.0015,6.9e-05,5e-06
1,7.2e-05,0.0015,7.2e-05,5e-06
1,7.5e-05,0.0015,7.5e-05,5e-06
1,7.8e-05,0.0015,7.8e-05,5e-06
1,8.1e-05,0.0015,8.1e-05,5e-06
1,8.4e-05,0.0015,8.4e-05,5e-06
1,8.7e-05,0.0015,8.7e-05,5e-06
1,9e-05,0.0015,9e-05,5e-06
1,9.3e-05,0.0015,9.3e-05,5e-06
1,9.6e-05,0.0015,9.6e-05,5e-06
1,9.9e-05,0.0015,9.9e-05,5e-06
1,0.000102,0.0015,0.000102,5e-06
1,0.000105,0.0015,0.000105,5e-06
1,0.000108,0.0015,0.000108,5e-06
1,0.000111,0.0015,0.000111,5e-06
1,0.000114,0.0015,0.000114,5e-06
1,0.000117,0.0015,0.000117,5e-06
1,0.00012,0.0015,0.00012,5e-06
1,0.000123,0.0015,0.000123,5e-06
1,0.000126,0.0015,0.000126,5e-06
1,0.000129,0.0015,0.000129,5e-06
1,0.000132,0.0015,0.000132,5e-06
1,0.000135,0.0015,0.000135,5e-06
1,0.000138,0.0015,0.000138,5e-06
1,0.000141,0.0015,0.000141,5e-06
1,0.000144,0.0015,0.000144,5e-06
1,0.000147,0.0015,0.000147,5e-06
1,0.00015,0.0015,0.00015,5e-06
1,0.000153,0.0015,0.000153,5e-06
1,0.000156,0.0015,0.000156,5e-06
1,0.000159,0.0015,0.000159,5e-06
1,0.000162,0.0015,0.000162,5e-06
1,0.000165,0.0015,0.000165,5e-06
1,0.000168,0.0015,0.000168,5e-06
1,0.000171,0.0015,0.000171,5e-06
1,0.000174,0.0015,0.000174,5e-06
1,0.000177,0.0015,0.000177,5e-06
1,0.00018,0.0015,0.00018,5e-06
1,0.000183,0.0015,0.000183,5e-06
1,0.000186,0.0015,0.000186,5e-06
1,0.000189,0.0015,0.000189,5e-06
1,0.000192,0.0015,0.000192,5e-06
1,0.000195,0.0015,0.000195,5e-06
1,0.000198,0.0015,0.000198,5e-06
1,0.000201,0.0015,0.000201,5e-06
1,0.000204,0.0015,0.000204,5e-06
1,0.000207,0.0015,0.000207,5e-06
1,0.00021,0.0015,0.00021,5e-06
1,0.000213,0.0015,0.000213,5e-06
1,0.000216,0.0015,0.000216,5e-06
1,0.000219,0.0015,0.000219,5e-06
1,0.000222,0.0015,0.000222,5e-06
1,0.000225,0.0015,0.000225,5e-06
1,0.000228,0.0015,0.000228,5e-06
1,0.000231,0.0015,0.000231,5e-06
1,0.000234,0.0015,0.000234,5e-06
1,0.000237,0.0015,0.000237,5e-06
1,0.00024,0.0015,0.00024,5e-06
1,0.000243,0.0015,0.000243,5e-06
1,0.000246,0.0015,0.000246,5e-06
1,0.000249,0.0015,0.000249,5e-06
1,0.000252,0.0015,0.000252,5e-06
1,0.000255,0.0015,0.000255,5e-06
1,0.000258,0.0015,0.000258,5e-06
1,0.000261,0.0015,0.000261,5e-06
1,0.000264,0.0015,0.000264,5e-06
1,0.000267,0.0015,0.000267,5e-06
1,0.00027,0.0015,0.00027,5e-06
1,0.000273,0.0015,0.000273,5e-06
1,0.000276,0.0015,0.000276,5e-06
1,0.000279,0.0015,0.000279,5e-06
1,0.000282,0.0015,0.000282,5e-06
1,0.000285,0.0015,0.000285,5e-06
1,0.000288,0.0015,0.000288,5e-06
1,0.000291,0.0015,0.000291,5e-06
1,0.000294,0.0015,0.000294,5e-06
1,0.000297,0.0015,0.000297,5e-06
1,0.0003,0.0015,0.0003,5e-06
1,0.000303,0.0015,0.000303,5e-06
1,0.000306,0.0015,0.000306,5e-06
1,0.000309,0.0015,0.000309,5e-06
1,0.000312,0.0015,0.000312,5e-06
1,0.000315,0.0015,0.000315,5e-06
1,0.000318,0.0015,0.000318,5e-06
1,0.000321,0.0015,0.000321,5e-06
1,0.000324,0.0015,0.000324,5e-06
1,0.000327,0.0015,0.000327,5e-06
1,0.00033,0.0015,0.00033,5e-06
1,0.000333,0.0015,0.000333,5e-06
1,0.000336,0.0015,0.000336,5e-06
1,0.000339,0.0015,0.000339,5e-06
1,0.000342,0.0015,0.000342,5e-06
1,0.000345,0.0015,0.000345,5e-06
1,0.000348,0.0015,0.000348,5e-06
1,0.000351,0.0015,0.000351,5e-06
1,0.000354,0.0015,0.000354,5e-06
1,0.000357,0.0015,0.000357,5e-06
1,0.00036,0.0015,0.00036,5e-06
1,0.000363,0.0015,0.000363,5e-06
1,0.000366,0.0015,0.000366,5e-06
1,0.000369,0.0015,0.000369,5e-06
1,0.000372,0.0015,0.000372,5e-06
1,0.000375,0.0015,0.000375,5e-06
1,0.000378,0.0015,0.000378,5e-06
1,0.000381,0.0015,0.000381,5e-06
1,0.000384,0.0015,0.000384,5e-06
1,0.000387,0.0015,0.000387,5e-06
1,0.00039,0.0015,0.00039,5e-06
1,0.000393,0.0015,0.000393,5e-06
1,0.000396,0.0015,0.000396,5e-06
1,0.000399,0.0015,0.000399,5e-06
1,0.000402,0.0015,0.000402,5e-06
1,0.000405,0.0015,0.000405,5e-06
1,0.000408,0.0015,0.000408,5e-06
1,0.000411,0.0015,0.000411,5e-06
1,0.000414,0.0015,0.000414,5e-06
1,0.000417,0.0015,0.000417,5e-06
1,0.00042,0.0015,0.00042,5e-06
1,0.000423,0.0015,0.000423,5e-06
1,0.000426,0.0015,0.000426,5e-06
1,0.000429,0.0015,0.000429,5e-06
1,0.000432,0.0015,0.000432,5e-06
1,0.000435,0.0015,0.000435,5e-06
1,0.000438,0.0015,0.000438,5e-06
1,0.000441,0.0015,0.000441,5e-06
1,0.000444,0.0015,0.000444,5e-06
1,0.000447,0.0015,0.000447,5e-06
1,0.00045,0.0015,0.00045,5e-06
1,0.000453,0.0015,0.000453,5e-06
1,0.000456,0.0015,0.000456,5e-06
1,0.000459,0.0015,0.000459,5e-06
1,0.000462,0.0015,0.000462,5e-06
1,0.000465,0.0015,0.000465,5e-06
1,0.000468,0.0015,0.000468,5e-06
1,0.000471,0.0015,0.000471,5e-06
1,0.000474,0.0015,0.000474,5e-06
1,0.000477,0.0015,0.000477,5e-06
1,0.00048,0.0015,0.00048,5e-06
1,0.000483,0.0015,0.000483,5e-06
1,0.000486,0.0015,0.000486,5e-06
1,0.000489,0.0015,0.000489,5e-06
1,0.000492,0.0015,0.000492,5e-06
1,0.000495,0.0015,0.000495,5e-06
1,0.000498,0.0015,0.000498,5e-06
1,0.000501,0.0015,0.000501,5e-06
1,0.000504,0.0015,0.000504,5e-06
1,0.000507,0.0015,0.000507,5e-06
1,0.00051,0.0015,0.00051,5e-06
1,0.000513,0.0015,0.000513,5e-06
1,0.000516,0.0015,0.000516,5e-06
1,0.000519,0.0015,0.000519,5e-06
1,0.000522,0.0015,0.000522,5e-06
1,0.000525,0.0015,0.000525,5e-06
1,0.000528,0.0015,0.000528,5e-06
1,0.000531,0.0015,0.000531,5e-06
1,0.000534,0.0015,0.000534,5e-06
1,0.000537,0.0015,0.000537,5e-06
1,0.00054,0.0015,0.00054,5e-06
1,0.000543,0.0015,0.000543,5e-06
1,0.000546,0.0015,0.000546,5e-06
1,0.000549,0.0015,0.000549,5e-06
1,0.000552,0.0015,0.000552,5e-06
1,0.000555,0.0015,0.000555,5e-06
1,0.000558,0.0015,0.000558,5e-06
1,0.000561,0.0015,0.000561,5e-06
1,0.000564,0.0015,0.000564,5e-06
1,0.000567,0.0015,0.000567,5e-06
1,0.00057,0.0015,0.00057,5e-06
1,0.000573,0.0015,0.000573,5e-06
1,0.000576,0.0015,0.000576,5e-06
1,0.000579,0.0015,0.000579,5e-06
1,0.000582,0.0015,0.000582,5e-06
1,0.000585,0.0015,0.000585,5e-06
1,0.000588,0.0015,0.000588,5e-06
1,0.000591,0.0015,0.000591,5e-06
1,0.000594,0.0015,0.000594,5e-06
1,0.000597,0.0015,0.000597,5e-06
1,0.0006,0.0015,0.0006,5e-06
1,0.000603,0.0015,0.000603,5e-06
1,0.000606,0.0015,0.000606,5e-06
1,0.000609,0.0015,0.000609,5e-06
1,0.000612,0.0015,0.000612,5e-06
1,0.000615,0.0015,0.000615,5e-06
1,0.000618,0.0015,0.000618,5e-06
1,0.000621,0.0015,0.000621,5e-06
1,0.000624,0.0015,0.000624,5e-06
1,0.000627,0.0015,0.000627,5e-06
1,0.00063,0.0015,0.00063,5e-06
1,0.000633,0.0015,0.000633,5e-06
1,0.000636,0.0015,0.000636,5e-06
1,0.000639,0.0015,0.000639,5e-06
1,0.000642,0.0015,0.000642,5e-06
1,0.000645,0.0015,0.000645,5e-06
1,0.000648,0.0015,0.000648,5e-06
1,0.000651,0.0015,0.000651,5e-06
1,0.000654,0.0015,0.000654,5e-06
1,0.000657,0.0015,0.000657,5e-06
1,0.00066,0.0015,0.00066,5e-06
1,0.000663,0.0015,0.000663,5e-06
1,0.000666,0.0015,0.000666,5e-06
1,0.000669,0.0015,0.000669,5e-06
1,0.000672,0.0015,0.000672,5e-06
1,0.000675,0.0015,0.000675,5e-06
1,0.000678,0.0015,0.000678,5e-06
1,0.000681,0.0015,0.000681,5e-06
1,0.000684,0.0015,0.000684,5e-06
1,0.000687,0.0015,0.000687,5e-06
1,0.00069,0.0015,0.00069,5e-06
1,0.000693,0.0015,0.000693,5e-06
1,0.000696,0.0015,0.000696,5e-06
1,0.000699,0.0015,0.000699,5e-06
1,0.000702,0.0015,0.000702,5e-06
1,0.000705,0.0015,0.000705,5e-06
1,0.000708,0.0015,0.000708,5e-06
1,0.000711,0.0015,0.000711,5e-06
1,0.000714,0.0015,0.000714,5e-06
1,0.000717,0.0015,0.000717,5e-06
1,0.00072,0.0015,0.00072,5e-06
1,0.000723,0.0015,0.000723,5e-06
1,0.000726,0.0015,0.000726,5e-06
1,0.000729,0.0015,0.000729,5e-06
1,0.000732,0.0015,0.000732,5e-06
1,0.000735,0.0015,0.000735,5e-06
1,0.000738,0.0015,0.000738,5e-06
1,0.000741,0.0015,0.000741,5e-06
1,0.000744,0.0015,0.000744,5e-06
1,0.000747,0.0015,0.000747,5e-06
1,0.00075,0.0015,0.00075,5e-06
1,0.000753,0.0015,0.000753,5e-06
1,0.000756,0.0015,0.000756,5e-06
1,0.000759,0.0015,0.000759,5e-06
1,0.000762,0.0015,0.000762,5e-06
1,0.000765,0.0015,0.000765,5e-06
1,0.000768,0.0015,0.000768,5e-06
1,0.000771,0.0015,0.000771,5e-06
1,0.000774,0.0015,0.000774,5e-06
1,0.000777,0.0015,0.000777,5e-06
1,0.00078,0.0015,0.00078,5e-06
1,0.000783,0.0015,0.000783,5e-06
1,0.000786,0.0015,0.000786,5e-06
1,0.000789,0.0015,0.000789,5e-06
1,0.000792,0.0015,0.000792,5e-06
1,0.000795,0.0015,0.000795,5e-06
1,0.000798,0.0015,0.000798,5e-06
1,0.000801,0.0015,0.000801,5e-06
1,0.000804,0.0015,0.000804,5e-06
1,0.000807,0.0015,0.000807,5e-06
1,0.00081,0.0015,0.00081,5e-06
1,0.000813,0.0015,0.000813,5e-06
1,0.000816,0.0015,0.000816,5e-06
1,0.000819,0.0015,0.000819,5e-06
1,0.000822,0.0015,0.000822,5e-06
1,0.000825,0.0015,0.000825,5e-06
1,0.000828,0.0015,0.000828,5e-06
1,0.000831,0.0015,0.000831,5e-06
1,0.000834,0.0015,0.000834,5e-06
1,0.000837,0.0015,0.000837,5e-06
1,0.00084,0.0015,0.00084,5e-06
1,0.000843,0.0015,0.000843,5e-06
1,0.000846,0.0015,0.000846,5e-06
1,0.000849,0.0015,0.000849,5e-06
1,0.000852,0.0015,0.000852,5e-06
1,0.000855,0.0015,0.000855,5e-06
1,0.000858,0.0015,0.000858,5e-06
1,0.000861,0.0015,0.000861,5e-06
1,0.000864,0.0015,0.000864,5e-06
1,0.000867,0.0015,0.000867,5e-06
1,0.00087,0.0015,0.00087,5e-06
1,0.000873,0.0015,0.000873,5e-06
1,0.000876,0.0015,0.000876,5e-06
1,0.000879,0.0015,0.000879,5e-06
1,0.000882,0.0015,0.000882,5e-06
1,0.000885,0.0015,0.000885,5e-06
1,0.000888,0.0015,0.000888,5e-06
1,0.000891,0.0015,0.000891,5e-06
1,0.000894,0.0015,0.000894,5e-06
1,0.000897,0.0015,0.000897,5e-06
1,0.0009,0.0015,0.0009,5e-06
1,0.000903,0.0015,0.000903,5e-06
1,0.000906,0.0015,0.000906,5e-06
1,0.000909,0.0015,0.000909,5e-06
1,0.000912,0.0015,0.000912,5e-06
1,0.000915,0.0015,0.000915,5e-06
1,0.000918,0.0015,0.000918,5e-06
1,0.000921,0.0015,0.000921,5e-06
1,0.000924,0.0015,0.000924,5e-06
1,0.000927,0.0015,0.000927,5e-06
1,0.00093,0.0015,0.00093,5e-06
1,0.000933,0.0015,0.000933,5e-06
1,0.000936,0.0015,0.000936,5e-06
1,0.000939,0.0015,0.000939,5e-06
1,0.000942,0.0015,0.000942,5e-06
1,0.000945,0.0015,0.000945,5e-06
1,0.000948,0.0015,0.000948,5e-06
1,0.000951,0.0015,0.000951,5e-06
1,0.000954,0.0015,0.000954,5e-06
1,0.000957,0.0015,0.000957,5e-06
1,0.00096,0.0015,0.00096,5e-06
1,0.000963,0.0015,0.000963,5e-06
1,0.000966,0.0015,0.000966,5e-06
1,0.000969,0.0015,0.000969,5e-06
1,0.000972,0.0015,0.000972,5e-06
1,0.000975,0.0015,0.000975,5e-06
1,0.000978,0.0015,0.000978,5e-06
1,0.000981,0.0015,0.000981,5e-06
1,0.000984,0.0015,0.000984,5e-06
1,0.000987,0.0015,0.000987,5e-06
1,0.00099,0.0015,0.00099,5e-06
1,0.000993,0.0015,0.000993,5e-06
1,0.000996,0.0015,0.000996,5e-06
1,0.000999,0.0015,0.000999,5e-06
1,0.001002,0.0015,0.001002,5e-06
1,0.001005,0.0015,0.001005,5e-06
1,0.001008,0.0015,0.001008,5e-06
1,0.001011,0.0015,0.001011,5e-06
1,0.001014,0.0015,0.001014,5e-06
1,0.001017,0.0015,0.001017,5e-06
1,0.00102,0.0015,0.00102,5e-06
1,0.001023,0.0015,0.001023,5e-06
1,0.001026,0.0015,0.001026,5e-06
1,0.001029,0.0015,0.001029,5e-06
1,0.001032,0.0015,0.001032,5e-06
1,0.001035,0.0015,0.001035,5e-06
1,0.001038,0.0015,0.001038,5e-06
1,0.001041,0.0015,0.001041,5e-06
1,0.001044,0.0015,0.001044,5e-06
1,0.001047,0.0015,0.001047,5e-06
1,0.00105,0.0015,0.00105,5e-06
1,0.001053,0.0015,0.001053,5e-06
1,0.001056,0.0015,0.001056,5e-06
1,0.001059,0.0015,0.001059,5e-06
1,0.001062,0.0015,0.001062,5e-06
1,0.001065,0.0015,0.001065,5e-06
1,0.001068,0.0015,0.001068,5e-06
1,0.001071,0.0015,0.001071,5e-06
1,0.001074,0.0015,0.001074,5e-06
1,0.001077,0.0015,0.001077,5e-06
1,0.00108,0.0015,0.00108,5e-06
1,0.001083,0.0015,0.001083,5e-06
1,0.001086,0.0015,0.001086,5e-06
1,0.001089,0.0015,0.001089,5e-06
1,0.001092,0.0015,0.001092,5e-06
1,0.001095,0.0015,0.001095,5e-06
1,0.001098,0.0015,0.001098,5e-06
1,0.001101,0.0015,0.001101,5e-06
1,0.001104,0.0015,0.001104,5e-06
1,0.001107,0.0015,0.001107,5e-06
1,0.00111,0.0015,0.00111,5e-06
1,0.001113,0.0015,0.001113,5e-06
1,0.001116,0.0015,0.001116,5e-06
1,0.001119,0.0015,0.001119,5e-06
1,0.001122,0.0015,0.001122,5e-06
1,0.001125,0.0015,0.001125,5e-06
1,0.001128,0.0015,0.001128,5e-06
1,0.001131,0.0015,0.001131,5e-06
1,0.001134,0.0015,0.001134,5e-06
1,0.001137,0.0015,0.001137,5e-06
1,0.00114,0.0015,0.00114,5e-06
1,0.001143,0.0015,0.001143,5e-06
1,0.001146,0.0015,0.001146,5e-06
1,0.001149,0.0015,0.001149,5e-06
1,0.001152,0.0015,0.001152,5e-06
1,0.001155,0.0015,0.001155,5e-06
1,0.001158,0.0015,0.001158,5e-06
1,0.001161,0.0015,0.001161,5e-06
1,0.001164,0.0015,0.001164,5e-06
1,0.001167,0.0015,0.001167,5e-06
1,0.00117,0.0015,0.00117,5e-06
1,0.001173,0.0015,0.001173,5e-06
1,0.001176,0.0015,0.001176,5e-06
1,0.001179,0.0015,0.001179,5e-06
1,0.001182,0.0015,0.001182,5e-06
1,0.001185,0.0015,0.001185,5e-06
1,0.001188,0.0015,0.001188,5e-06
1,0.001191,0.0015,0.001191,5e-06
1,0.001194,0.0015,0.001194,5e-06
1,0.001197,0.0015,0.001197,5e-06
1,0.0012,0.0015,0.0012,5e-06
1,0.001203,0.0015,0.001203,5e-06
1,0.001206,0.0015,0.001206,5e-06
1,0.001209,0.0015,0.001209,5e-06
1,0.001212,0.0015,0.001212,5e-06
1,0.001215,0.0015,0.001215,5e-06
1,0.001218,0.0015,0.001218,5e-06
1,0.001221,0.0015,0.001221,5e-06
1,0.001224,0.0015,0.001224,5e-06
1,0.001227,0.0015,0.001227,5e-06
1,0.00123,0.0015,0.00123,5e-06
1,0.001233,0.0015,0.001233,5e-06
1,0.001236,0.0015,0.001236,5e-06
1,0.001239,0.0015,0.001239,5e-06
1,0.001242,0.0015,0.001242,5e-06
1,0.001245,0.0015,0.001245,5e-06
1,0.001248,0.0015,0.001248,5e-06
1,0.001251,0.0015,0.001251,5e-06
1,0.001254,0.0015,0.001254,5e-06
1,0.001257,0.0015,0.001257,5e-06
1,0.00126,0.0015,0.00126,5e-06
1,0.001263,0.0015,0.001263,5e-06
1,0.001266,0.0015,0.001266,5e-06
1,0.001269,0.0015,0.001269,5e-06
1,0.001272,0.0015,0.001272,5e-06
1,0.001275,0.0015,0.001275,5e-06
1,0.001278,0.0015,0.001278,5e-06
1,0.001281,0.0015,0.001281,5e-06
1,0.001284,0.0015,0.001284,5e-06
1,0.001287,0.0015,0.001287,5e-06
1,0.00129,0.0015,0.00129,5e-06
1,0.001293,0.0015,0.001293,5e-06
1,0.001296,0.0015,0.001296,5e-06
1,0.001299,0.0015,0.001299,5e-06
1,0.001302,0.0015,0.001302,5e-06
1,0.001305,0.0015,0.001305,5e-06
1,0.001308,0.0015,0.001308,5e-06
1,0.001311,0.0015,0.001311,5e-06
1,0.001314,0.0015,0.001314,5e-06
1,0.001317,0.0015,0.001317,5e-06
1,0.00132,0.0015,0.00132,5e-06
1,0.001323,0.0015,0.001323,5e-06
1,0.001326,0.0015,0.001326,5e-06
1,0.001329,0.0015,0.001329,5e-06
1,0.001332,0.0015,0.001332,5e-06
1,0.001335,0.0015,0.001335,5e-06
1,0.001338,0.0015,0.001338,5e-06
1,0.001341,0.0015,0.001341,5e-06
1,0.001344,0.0015,0.001344,5e-06
1,0.001347,0.0015,0.001347,5e-06
1,0.00135,0.0015,0.00135,5e-06
1,0.001353,0.0015,0.001353,5e-06
1,0.001356,0.0015,0.001356,5e-06
1,0.001359,0.0015,0.001359,5e-06
1,0.001362,0.0015,0.001362,5e-06
1,0.001365,0.0015,0.001365,5e-06
1,0.001368,0.0015,0.001368,5e-06
1,0.001371,0.0015,0.001371,5e-06
1,0.001374,0.0015,0.001374,5e-06
1,0.001377,0.0015,0.001377,5e-06
1,0.00138,0.0015,0.00138,5e-06
1,0.001383,0.0015,0.001383,5e-06
1,0.001386,0.0015,0.001386,5e-06
1,0.001389,0.0015,0.001389,5e-06
1,0.001392,0.0015,0.001392,5e-06
1,0.001395,0.0015,0.001395,5e-06
1,0.001398,0.0015,0.001398,5e-06
1,0.001401,0.0015,0.001401,5e-06
1,0.001404,0.0015,0.001404,5e-06
1,0.001407,0.0015,0.001407,5e-06
1,0.00141,0.0015,0.00141,5e-06
1,0.001413,0.0015,0.001413,5e-06
1,0.001416,0.0015,0.001416,5e-06
1,0.001419,0.0015,0.001419,5e-06
1,0.001422,0.0015,0.001422,5e-06
1,0.001425,0.0015,0.001425,5e-06
1,0.001428,0.0015,0.001428,5e-06
1,0.001431,0.0015,0.001431,5e-06
1,0.001434,0.0015,0.001434,5e-06
1,0.001437,0.0015,0.001437,5e-06
1,0.00144,0.0015,0.00144,5e-06
1,0.001443,0.0015,0.001443,5e-06
1,0.001446,0.0015,0.001446,5e-06
1,0.001449,0.0015,0.001449,5e-06
1,0.001452,0.0015,0.001452,5e-06
1,0.001455,0.0015,0.001455,5e-06
1,0.001458,0.0015,0.001458,5e-06
1,0.001461,0.0015,0.001461,5e-06
1,0.001464,0.0015,0.001464,5e-06
1,0.001467,0.0015,0.001467,5e-06
1,0.00147,0.0015,0.00147,5e-06
1,0.001473,0.0015,0.001473,5e-06
1,0.001476,0.0015,0.001476,5e-06
1,0.001479,0.0015,0.001479,5e-06
1,0.001482,0.0015,0.001482,5e-06
1,0.001485,0.0015,0.001485,5e-06
1,0.001488,0.0015,0.001488,5e-06
1,0.001491,0.0015,0.001491,5e-06
1,0.001494,0.0015,0.001494,5e-06
1,0.001497,0.0015,0.001497,5e-06
1,0.0015,0.0015,0.0015,5e-06
1,0.001503,0.0015,0.001503,5e-06
1,0.001506,0.0015,0.001506,5e-06
1,0.001509,0.0015,0.001509,5e-06
1,0.001512,0.0015,0.001512,5e-06
1,0.001515,0.0015,0.001515,5e-06
1,0.001518,0.0015,0.001518,5e-06
1,0.001521,0.0015,0.001521,5e-06
1,0.001524,0.0015,0.001524,5e-06
1,0.001527,0.0015,0.001527,5e-06
1,0.00153,0.0015,0.00153,5e-06
1,0.001533,0.0015,0.001533,5e-06
1,0.001536,0.0015,0.001536,5e-06
1,0.001539,0.0015,0.001539,5e-06
1,0.001542,0.0015,0.001542,5e-06
1,0.001545,0.0015,0.001545,5e-06
1,0.001548,0.0015,0.001548,5e-06
1,0.001551,0.0015,0.001551,5e-06
1,0.001554,0.0015,0.001554,5e-06
1,0.001557,0.0015,0.001557,5e-06
1,0.00156,0.0015,0.00156,5e-06
1,0.001563,0.0015,0.001563,5e-06
1,0.001566,0.0015,0.001566,5e-06
1,0.001569,0.0015,0.001569,5e-06
1,0.001572,0.0015,0.001572,5e-06
1,0.001575,0.0015,0.001575,5e-06
1,0.001578,0.0015,0.001578,5e-06
1,0.001581,0.0015,0.001581,5e-06
1,0.001584,0.0015,0.001584,5e-06
1,0.001587,0.0015,0.001587,5e-06
1,0.00159,0.0015,0.00159,5e-06
1,0.001593,0.0015,0.001593,5e-06
1,0.001596,0.0015,0.001596,5e-06
1,0.001599,0.0015,0.001599,5e-06
1,0.001602,0.0015,0.001602,5e-06
1,0.001605,0.0015,0.001605,5e-06
1,0.001608,0.0015,0.001608,5e-06
1,0.001611,0.0015,0.001611,5e-06
1,0.001614,0.0015,0.001614,5e-06
1,0.001617,0.0015,0.001617,5e-06
1,0.00162,0.0015,0.00162,5e-06
1,0.001623,0.0015,0.001623,5e-06
1,0.001626,0.0015,0.001626,5e-06
1,0.001629,0.0015,0.001629,5e-06
1,0.001632,0.0015,0.001632,5e-06
1,0.001635,0.0015,0.001635,5e-06
1,0.001638,0.0015,0.001638,5e-06
1,0.001641,0.0015,0.001641,5e-06
1,0.001644,0.0015,0.001644,5e-06
1,0.001647,0.0015,0.001647,5e-06
1,0.00165,0.0015,0.00165,5e-06
1,0.001653,0.0015,0.001653,5e-06
1,0.001656,0.0015,0.001656,5e-06
1,0.001659,0.0015,0.001659,5e-06
1,0.001662,0.0015,0.001662,5e-06
1,0.001665,0.0015,0.001665,5e-06
1,0.001668,0.0015,0.001668,5e-06
1,0.001671,0.0015,0.001671,5e-06
1,0.001674,0.0015,0.001674,5e-06
1,0.001677,0.0015,0.001677,5e-06
1,0.00168,0.0015,0.00168,5e-06
1,0.001683,0.0015,0.001683,5e-06
1,0.001686,0.0015,0.001686,5e-06
1,0.001689,0.0015,0.001689,5e-06
1,0.001692,0.0015,0.001692,5e-06
1,0.001695,0.0015,0.001695,5e-06
1,0.001698,0.0015,0.001698,5e-06
1,0.001701,0.0015,0.001701,5e-06
1,0.001704,0.0015,0.001704,5e-06
1,0.001707,0.0015,0.001707,5e-06
1,0.00171,0.0015,0.00171,5e-06
1,0.001713,0.0015,0.001713,5e-06
1,0.001716,0.0015,0.001716,5e-06
1,0.001719,0.0015,0.001719,5e-06
1,0.001722,0.0015,0.001722,5e-06
1,0.001725,0.0015,0.001725,5e-06
1,0.001728,0.0015,0.001728,5e-06
1,0.001731,0.0015,0.001731,5e-06
1,0.001734,0.0015,0.001734,5e-06
1,0.001737,0.0015,0.001737,5e-06
1,0.00174,0.0015,0.00174,5e-06
1,0.001743,0.0015,0.001743,5e-06
1,0.001746,0.0015,0.001746,5e-06
1,0.001749,0.0015,0.001749,5e-06
1,0.001752,0.0015,0.001752,5e-06
1,0.001755,0.0015,0.001755,5e-06
1,0.001758,0.0015,0.001758,5e-06
1,0.001761,0.0015,0.001761,5e-06
1,0.001764,0.0015,0.001764,5e-06
1,0.001767,0.0015,0.001767,5e-06
1,0.00177,0.0015,0.00177,5e-06
1,0.001773,0.0015,0.001773,5e-06
1,0.001776,0.0015,0.001776,5e-06
1,0.001779,0.0015,0.001779,5e-06
1,0.001782,0.0015,0.001782,5e-06
1,0.001785,0.0015,0.001785,5e-06
1,0.001788,0.0015,0.001788,5e-06
1,0.001791,0.0015,0.001791,5e-06
1,0.001794,0.0015,0.001794,5e-06
1,0.001797,0.0015,0.001797,5e-06
1,0.0018,0.0015,0.0018,5e-06
1,0.001803,0.0015,0.001803,5e-06
1,0.001806,0.0015,0.001806,5e-06
1,0.001809,0.0015,0.001809,5e-06
1,0.001812,0.0015,0.001812,5e-06
1,0.001815,0.0015,0.001815,5e-06
1,0.001818,0.0015,0.001818,5e-06
1,0.001821,0.0015,0.001821,5e-06
1,0.001824,0.0015,0.001824,5e-06
1,0.001827,0.0015,0.001827,5e-06
1,0.00183,0.0015,0.00183,5e-06
1,0.001833,0.0015,0.001833,5e-06
1,0.001836,0.0015,0.001836,5e-06
1,0.001839,0.0015,0.001839,5e-06
1,0.001842,0.0015,0.001842,5e-06
1,0.001845,0.0015,0.001845,5e-06
1,0.001848,0.0015,0.001848,5e-06
1,0.001851,0.0015,0.001851,5e-06
1,0.001854,0.0015,0.001854,5e-06
1,0.001857,0.0015,0.001857,5e-06
1,0.00186,0.0015,0.00186,5e-06
1,0.001863,0.0015,0.001863,5e-06
1,0.001866,0.0015,0.001866,5e-06
1,0.001869,0.0015,0.001869,5e-06
1,0.001872,0.0015,0.001872,5e-06
1,0.001875,0.0015,0.001875,5e-06
1,0.001878,0.0015,0.001878,5e-06
1,0.001881,0.0015,0.001881,5e-06
1,0.001884,0.0015,0.001884,5e-06
1,0.001887,0.0015,0.001887,5e-06
1,0.00189,0.0015,0.00189,5e-06
1,0.001893,0.0015,0.001893,5e-06
1,0.001896,0.0015,0.001896,5e-06
1,0.001899,0.0015,0.001899,5e-06
1,0.001902,0.0015,0.001902,5e-06
1,0.001905,0.0015,0.001905,5e-06
1,0.001908,0.0015,0.001908,5e-06
1,0.001911,0.0015,0.001911,5e-06
1,0.001914,0.0015,0.001914,5e-06
1,0.001917,0.0015,0.001917,5e-06
1,0.00192,0.0015,0.00192,5e-06
1,0.001923,0.0015,0.001923,5e-06
1,0.001926,0.0015,0.001926,5e-06
1,0.001929,0.0015,0.001929,5e-06
1,0.001932,0.0015,0.001932,5e-06
1,0.001935,0.0015,0.001935,5e-06
1,0.001938,0.0015,0.001938,5e-06
1,0.001941,0.0015,0.001941,5e-06
1,0.001944,0.0015,0.001944,5e-06
1,0.001947,0.0015,0.001947,5e-06
1,0.00195,0.0015,0.00195,5e-06
1,0.001953,0.0015,0.001953,5e-06
1,0.001956,0.0015,0.001956,5e-06
1,0.001959,0.0015,0.001959,5e-06
1,0.001962,0.0015,0.001962,5e-06
1,0.001965,0.0015,0.001965,5e-06
1,0.001968,0.0015,0.001968,5e-06
1,0.001971,0.0015,0.001971,5e-06
1,0.001974,0.0015,0.001974,5e-06
1,0.001977,0.0015,0.001977,5e-06
1,0.00198,0.0015,0.00198,5e-06
1,0.001983,0.0015,0.001983,5e-06
1,0.001986,0.0015,0.001986,5e-06
1,0.001989,0.0015,0.001989,5e-06
1,0.001992,0.0015,0.001992,5e-06
1,0.001995,0.0015,0.001995,5e-06
1,0.001998,0.0015,0.001998,5e-06
1,0.002001,0.0015,0.002001,5e-06
1,0.002004,0.0015,0.002004,5e-06
1,0.002007,0.0015,0.002007,5e-06
1,0.00201,0.0015,0.00201,5e-06
1,0.002013,0.0015,0.002013,5e-06
1,0.002016,0.0015,0.002016,5e-06
1,0.002019,0.0015,0.002019,5e-06
1,0.002022,0.0015,0.002022,5e-06
1,0.002025,0.0015,0.002025,5e-06
1,0.002028,0.0015,0.002028,5e-06
1,0.002031,0.0015,0.002031,5e-06
1,0.002034,0.0015,0.002034,5e-06
1,0.002037,0.0015,0.002037,5e-06
1,0.00204,0.0015,0.00204,5e-06
1,0.002043,0.0015,0.002043,5e-06
1,0.002046,0.0015,0.002046,5e-06
1,0.002049,0.0015,0.002049,5e-06
1,0.002052,0.0015,0.002052,5e-06
1,0.002055,0.0015,0.002055,5e-06
1,0.002058,0.0015,0.002058,5e-06
1,0.002061,0.0015,0.002061,5e-06
1,0.002064,0.0015,0.002064,5e-06
1,0.002067,0.0015,0.002067,5e-06
1,0.00207,0.0015,0.00207,5e-06
1,0.002073,0.0015,0.002073,5e-06
1,0.002076,0.0015,0.002076,5e-06
1,0.002079,0.0015,0.002079,5e-06
1,0.002082,0.0015,0.002082,5e-06
1,0.002085,0.0015,0.002085,5e-06
1,0.002088,0.0015,0.002088,5e-06
1,0.002091,0.0015,0.002091,5e-06
1,0.002094,0.0015,0.002094,5e-06
1,0.002097,0.0015,0.002097,5e-06
1,0.0021,0.0015,0.0021,5e-06
1,0.002103,0.0015,0.002103,5e-06
1,0.002106,0.0015,0.002106,5e-06
1,0.002109,0.0015,0.002109,5e-06
1,0.002112,0.0015,0.002112,5e-06
1,0.002115,0.0015,0.002115,5e-06
1,0.002118,0.0015,0.002118,5e-06
1,0.002121,0.0015,0.002121,5e-06
1,0.002124,0.0015,0.002124,5e-06
1,0.002127,0.0015,0.002127,5e-06
1,0.00213,0.0015,0.00213,5e-06
1,0.002133,0.0015,0.002133,5e-06
1,0.002136,0.0015,0.002136,5e-06
1,0.002139,0.0015,0.002139,5e-06
1,0.002142,0.0015,0.002142,5e-06
1,0.002145,0.0015,0.002145,5e-06
1,0.002148,0.0015,0.002148,5e-06
1,0.002151,0.0015,0.002151,5e-06
1,0.002154,0.0015,0.002154,5e-06
1,0.002157,0.0015,0.002157,5e-06
1,0.00216,0.0015,0.00216,5e-06
1,0.002163,0.0015,0.002163,5e-06
1,0.002166,0.0015,0.002166,5e-06
1,0.002169,0.0015,0.002169,5e-06
1,0.002172,0.0015,0.002172,5e-06
1,0.002175,0.0015,0.002175,5e-06
1,0.002178,0.0015,0.002178,5e-06
1,0.002181,0.0015,0.002181,5e-06
1,0.002184,0.0015,0.002184,5e-06
1,0.002187,0.0015,0.002187,5e-06
1,0.00219,0.0015,0.00219,5e-06
1,0.002193,0.0015,0.002193,5e-06
1,0.002196,0.0015,0.002196,5e-06
1,0.002199,0.0015,0.002199,5e-06
1,0.002202,0.0015,0.002202,5e-06
1,0.002205,0.0015,0.002205,5e-06
1,0.002208,0.0015,0.002208,5e-06
1,0.002211,0.0015,0.002211,5e-06
1,0.002214,0.0015,0.002214,5e-06
1,0.002217,0.0015,0.002217,5e-06
1,0.00222,0.0015,0.00222,5e-06
1,0.002223,0.0015,0.002223,5e-06
1,0.002226,0.0015,0.002226,5e-06
1,0.002229,0.0015,0.002229,5e-06
1,0.002232,0.0015,0.002232,5e-06
1,0.002235,0.0015,0.002235,5e-06
1,0.002238,0.0015,0.002238,5e-06
1,0.002241,0.0015,0.002241,5e-06
1,0.002244,0.0015,0.002244,5e-06
1,0.002247,0.0015,0.002247,5e-06
1,0.00225,0.0015,0.00225,5e-06
1,0.002253,0.0015,0.002253,5e-06
1,0.002256,0.0015,0.002256,5e-06
1,0.002259,0.0015,0.002259,5e-06
1,0.002262,0.0015,0.002262,5e-06
1,0.002265,0.0015,0.002265,5e-06
1,0.002268,0.0015,0.002268,5e-06
1,0.002271,0.0015,0.002271,5e-06
1,0.002274,0.0015,0.002274,5e-06
1,0.002277,0.0015,0.002277,5e-06
1,0.00228,0.0015,0.00228,5e-06
1,0.002283,0.0015,0.002283,5e-06
1,0.002286,0.0015,0.002286,5e-06
1,0.002289,0.0015,0.002289,5e-06
1,0.002292,0.0015,0.002292,5e-06
1,0.002295,0.0015,0.002295,5e-06
1,0.002298,0.0015,0.002298,5e-06
1,0.002301,0.0015,0.002301,5e-06
1,0.002304,0.0015,0.002304,5e-06
1,0.002307,0.0015,0.002307,5e-06
1,0.00231,0.0015,0.00231,5e-06
1,0.002313,0.0015,0.002313,5e-06
1,0.002316,0.0015,0.002316,5e-06
1,0.002319,0.0015,0.002319,5e-06
1,0.002322,0.0015,0.002322,5e-06
1,0.002325,0.0015,0.002325,5e-06
1,0.002328,0.0015,0.002328,5e-06
1,0.002331,0.0015,0.002331,5e-06
1,0.002334,0.0015,0.002334,5e-06
1,0.002337,0.0015,0.002337,5e-06
1,0.00234,0.0015,0.00234,5e-06
1,0.002343,0.0015,0.002343,5e-06
1,0.002346,0.0015,0.002346,5e-06
1,0.002349,0.0015,0.002349,5e-06
1,0.002352,0.0015,0.002352,5e-06
1,0.002355,0.0015,0.002355,5e-06
1,0.002358,0.0015,0.002358,5e-06
1,0.002361,0.0015,0.002361,5e-06
1,0.002364,0.0015,0.002364,5e-06
1,0.002367,0.0015,0.002367,5e-06
1,0.00237,0.0015,0.00237,5e-06
1,0.002373,0.0015,0.002373,5e-06
1,0.002376,0.0015,0.002376,5e-06
1,0.002379,0.0015,0.002379,5e-06
1,0.002382,0.0015,0.002382,5e-06
1,0.002385,0.0015,0.002385,5e-06
1,0.002388,0.0015,0.002388,5e-06
1,0.002391,0.0015,0.002391,5e-06
1,0.002394,0.0015,0.002394,5e-06
1,0.002397,0.0015,0.002397,5e-06
1,0.0024,0.0015,0.0024,5e-06
1,0.002403,0.0015,0.002403,5e-06
1,0.002406,0.0015,0.002406,5e-06
1,0.002409,0.0015,0.002409,5e-06
1,0.002412,0.0015,0.002412,5e-06
1,0.002415,0.0015,0.002415,5e-06
1,0.002418,0.0015,0.002418,5e-06
1,0.002421,0.0015,0.002421,5e-06
1,0.002424,0.0015,0.002424,5e-06
1,0.002427,0.0015,0.002427,5e-06
1,0.00243,0.0015,0.00243,5e-06
1,0.002433,0.0015,0.002433,5e-06
1,0.002436,0.0015,0.002436,5e-06
1,0.002439,0.0015,0.002439,5e-06
1,0.002442,0.0015,0.002442,5e-06
1,0.002445,0.0015,0.002445,5e-06
1,0.002448,0.0015,0.002448,5e-06
1,0.002451,0.0015,0.002451,5e-06
1,0.002454,0.0015,0.002454,5e-06
1,0.002457,0.0015,0.002457,5e-06
1,0.00246,0.0015,0.00246,5e-06
1,0.002463,0.0015,0.002463,5e-06
1,0.002466,0.0015,0.002466,5e-06
1,0.002469,0.0015,0.002469,5e-06
1,0.002472,0.0015,0.002472,5e-06
1,0.002475,0.0015,0.002475,5e-06
1,0.002478,0.0015,0.002478,5e-06
1,0.002481,0.0015,0.002481,5e-06
1,0.002484,0.0015,0.002484,5e-06
1,0.002487,0.0015,0.002487,5e-06
1,0.00249,0.0015,0.00249,5e-06
1,0.002493,0.0015,0.002493,5e-06
1,0.002496,0.0015,0.002496,5e-06
1,0.002499,0.0015,0.002499,5e-06
1,0.002502,0.0015,0.002502,5e-06
1,0.002505,0.0015,0.002505,5e-06
1,0.002508,0.0015,0.002508,5e-06
1,0.002511,0.0015,0.002511,5e-06
1,0.002514,0.0015,0.002514,5e-06
1,0.002517,0.0015,0.002517,5e-06
1,0.00252,0.0015,0.00252,5e-06
1,0.002523,0.0015,0.002523,5e-06
1,0.002526,0.0015,0.002526,5e-06
1,0.002529,0.0015,0.002529,5e-06
1,0.002532,0.0015,0.002532,5e-06
1,0.002535,0.0015,0.002535,5e-06
1,0.002538,0.0015,0.002538,5e-06
1,0.002541,0.0015,0.002541,5e-06
1,0.002544,0.0015,0.002544,5e-06
1,0.002547,0.0015,0.002547,5e-06
1,0.00255,0.0015,0.00255,5e-06
1,0.002553,0.0015,0.002553,5e-06
1,0.002556,0.0015,0.002556,5e-06
1,0.002559,0.0015,0.002559,5e-06
1,0.002562,0.0015,0.002562,5e-06
1,0.002565,0.0015,0.002565,5e-06
1,0.002568,0.0015,0.002568,5e-06
1,0.002571,0.0015,0.002571,5e-06
1,0.002574,0.0015,0.002574,5e-06
1,0.002577,0.0015,0.002577,5e-06
1,0.00258,0.0015,0.00258,5e-06
1,0.002583,0.0015,0.002583,5e-06
1,0.002586,0.0015,0.002586,5e-06
1,0.002589,0.0015,0.002589,5e-06
1,0.002592,0.0015,0.002592,5e-06
1,0.002595,0.0015,0.002595,5e-06
1,0.002598,0.0015,0.002598,5e-06
1,0.002601,0.0015,0.002601,5e-06
1,0.002604,0.0015,0.002604,5e-06
1,0.002607,0.0015,0.002607,5e-06
1,0.00261,0.0015,0.00261,5e-06
1,0.002613,0.0015,0.002613,5e-06
1,0.002616,0.0015,0.002616,5e-06
1,0.002619,0.0015,0.002619,5e-06
1,0.002622,0.0015,0.002622,5e-06
1,0.002625,0.0015,0.002625,5e-06
1,0.002628,0.0015,0.002628,5e-06
1,0.002631,0.0015,0.002631,5e-06
1,0.002634,0.0015,0.002634,5e-06
1,0.002637,0.0015,0.002637,5e-06
1,0.00264,0.0015,0.00264,5e-06
1,0.002643,0.0015,0.002643,5e-06
1,0.002646,0.0015,0.002646,5e-06
1,0.002649,0.0015,0.002649,5e-06
1,0.002652,0.0015,0.002652,5e-06
1,0.002655,0.0015,0.002655,5e-06
1,0.002658,0.0015,0.002658,5e-06
1,0.002661,0.0015,0.002661,5e-06
1,0.002664,0.0015,0.002664,5e-06
1,0.002667,0.0015,0.002667,5e-06
1,0.00267,0.0015,0.00267,5e-06
1,0.002673,0.0015,0.002673,5e-06
1,0.002676,0.0015,0.002676,5e-06
1,0.002679,0.0015,0.002679,5e-06
1,0.002682,0.0015,0.002682,5e-06
1,0.002685,0.0015,0.002685,5e-06
1,0.002688,0.0015,0.002688,5e-06
1,0.002691,0.0015,0.002691,5e-06
1,0.002694,0.0015,0.002694,5e-06
1,0.002697,0.0015,0.002697,5e-06
1,0.0027,0.0015,0.0027,5e-06
1,0.002703,0.0015,0.002703,5e-06
1,0.002706,0.0015,0.002706,5e-06
1,0.002709,0.0015,0.002709,5e-06
1,0.002712,0.0015,0.002712,5e-06
1,0.002715,0.0015,0.002715,5e-06
1,0.002718,0.0015,0.002718,5e-06
1,0.002721,0.0015,0.002721,5e-06
1,0.002724,0.0015,0.002724,5e-06
1,0.002727,0.0015,0.002727,5e-06
1,0.00273,0.0015,0.00273,5e-06
1,0.002733,0.0015,0.002733,5e-06
1,0.002736,0.0015,0.002736,5e-06
1,0.002739,0.0015,0.002739,5e-06
1,0.002742,0.0015,0.002742,5e-06
1,0.002745,0.0015,0.002745,5e-06
1,0.002748,0.0015,0.002748,5e-06
1,0.002751,0.0015,0.002751,5e-06
1,0.002754,0.0015,0.002754,5e-06
1,0.002757,0.0015,0.002757,5e-06
1,0.00276,0.0015,0.00276,5e-06
1,0.002763,0.0015,0.002763,5e-06
1,0.002766,0.0015,0.002766,5e-06
1,0.002769,0.0015,0.002769,5e-06
1,0.002772,0.0015,0.002772,5e-06
1,0.002775,0.0015,0.002775,5e-06
1,0.002778,0.0015,0.002778,5e-06
1,0.002781,0.0015,0.002781,5e-06
1,0.002784,0.0015,0.002784,5e-06
1,0.002787,0.0015,0.002787,5e-06
1,0.00279,0.0015,0.00279,5e-06
1,0.002793,0.0015,0.002793,5e-06
1,0.002796,0.0015,0.002796,5e-06
1,0.002799,0.0015,0.002799,5e-06
1,0.002802,0.0015,0.002802,5e-06
1,0.002805,0.0015,0.002805,5e-06
1,0.002808,0.0015,0.002808,5e-06
1,0.002811,0.0015,0.002811,5e-06
1,0.002814,0.0015,0.002814,5e-06
1,0.002817,0.0015,0.002817,5e-06
1,0.00282,0.0015,0.00282,5e-06
1,0.002823,0.0015,0.002823,5e-06
1,0.002826,0.0015,0.002826,5e-06
1,0.002829,0.0015,0.002829,5e-06
1,0.002832,0.0015,0.002832,5e-06
1,0.002835,0.0015,0.002835,5e-06
1,0.002838,0.0015,0.002838,5e-06
1,0.002841,0.0015,0.002841,5e-06
1,0.002844,0.0015,0.002844,5e-06
1,0.002847,0.0015,0.002847,5e-06
1,0.00285,0.0015,0.00285,5e-06
1,0.002853,0.0015,0.002853,5e-06
1,0.002856,0.0015,0.002856,5e-06
1,0.002859,0.0015,0.002859,5e-06
1,0.002862,0.0015,0.002862,5e-06
1,0.002865,0.0015,0.002865,5e-06
1,0.002868,0.0015,0.002868,5e-06
1,0.002871,0.0015,0.002871,5e-06
1,0.002874,0.0015,0.002874,5e-06
1,0.002877,0.0015,0.002877,5e-06
1,0.00288,0.0015,0.00288,5e-06
1,0.002883,0.0015,0.002883,5e-06
1,0.002886,0.0015,0.002886,5e-06
1,0.002889,0.0015,0.002889,5e-06
1,0.002892,0.0015,0.002892,5e-06
1,0.002895,0.0015,0.002895,5e-06
1,0.002898,0.0015,0.002898,5e-06
1,0.002901,0.0015,0.002901,5e-06
1,0.002904,0.0015,0.002904,5e-06
1,0.002907,0.0015,0.002907,5e-06
1,0.00291,0.0015,0.00291,5e-06
1,0.002913,0.0015,0.002913,5e-06
1,0.002916,0.0015,0.002916,5e-06
1,0.002919,0.0015,0.002919,5e-06
1,0.002922,0.0015,0.002922,5e-06
1,0.002925,0.0015,0.002925,5e-06
1,0.002928,0.0015,0.002928,5e-06
1,0.002931,0.0015,0.002931,5e-06
1,0.002934,0.0015,0.002934,5e-06
1,0.002937,0.0015,0.002937,5e-06
1,0.00294,0.0015,0.00294,5e-06
1,0.002943,0.0015,0.002943,5e-06
1,0.002946,0.0015,0.002946,5e-06
1,0.002949,0.0015,0.002949,5e-06
1,0.002952,0.0015,0.002952,5e-06
1,0.002955,0.0015,0.002955,5e-06
1,0.002958,0.0015,0.002958,5e-06
1,0.002961,0.0015,0.002961,5e-06
1,0.002964,0.0015,0.002964,5e-06
1,0.002967,0.0015,0.002967,5e-06
1,0.00297,0.0015,0.00297,5e-06
1,0.002973,0.0015,0.002973,5e-06
1,0.002976,0.0015,0.002976,5e-06
1,0.002979,0.0015,0.002979,5e-06
1,0.002982,0.0015,0.002982,5e-06
1,0.002985,0.0015,0.002985,5e-06
1,0.002988,0.0015,0.002988,5e-06
1,0.002991,0.0015,0.002991,5e-06
1,0.002994,0.0015,0.002994,5e-06
1,0.002997,0.0015,0.002997,5e-06
1,0.003,0.0015,0.003,5e-06
